company_id,company_name,year,sector,sub_sector,sales,net_profit,return_on_equity_pct,roce_percentage,net_profit_margin_pct,debt_to_equity,interest_coverage,free_cash_flow_cr,capex_cr,dividend_payout_ratio_pct,pe_ratio,pb_ratio,ev_ebitda,dividend_yield_pct,sales_cagr_3yr,sales_cagr_5yr,pat_cagr_5yr,fcf_cagr_5yr,cfo_pat_ratio,composite_score,fcf_yield,operating_profit_margin_pct,asset_turnover,cluster_id,cluster_name,cluster_description
ABB,Abbott India Ltd,2024-03,Industrials,Capital Goods,5849,1201,32.46823465801568,46.0,20.533424517011454,0.022438496891051634,141.75,1095,4943,73.0,75.58,4.48,12.63,0.96,10.713721789385655,9.716101277290168,21.69314043381163,0.0,5.027477102414655,63.45636716367491,0.07127809977975783,24.84185330825782,1.1263238975544,0,Steady Performers,"Moderate returns, reasonable growth, and standard leverage profiles."
ADANIENSOL,Adani Energy Solutions Ltd,2024-03,Energy,Power & Utilities,16607,1196,9.461276797721698,9.0,7.201782380923707,2.93252116130053,2.284784965666787,1095,4943,0.0,58.5,9.05,14.83,1.65,18.715011322879892,17.85124994851739,16.42972571572392,0.0,5.048494983277592,36.961748093652126,0.3141880794689826,34.38911302462817,0.2836960606785336,0,Steady Performers,"Moderate returns, reasonable growth, and standard leverage profiles."
ADANIENT,Adani Enterprises Ltd,2024-03,Industrials,Conglomerates,96421,3335,8.534650424813185,11.6,3.458790097592848,1.671358378544375,2.7492864983534577,-8455,18767,5.0,58.87,10.41,33.01,0.83,34.60338228109774,19.015414753081238,45.81058899665285,0.0,3.0920539730134933,39.47857793141335,-4.499064189327432,11.799296833677312,0.6004321671876751,0,Steady Performers,"Moderate returns, reasonable growth, and standard leverage profiles."
ADANIGREEN,Adani Green Energy Ltd,2024-03,Energy,Renewable Energy,9220,1260,12.812690665039659,96.5,13.665943600867678,6.595281675818589,1.713943268078306,-13347,21060,0.0,45.26,6.24,21.78,0.89,43.44099813858789,34.976172926382844,0.0,0.0,6.121428571428571,29.709833853414708,-2.61443014217979,79.3709327548807,0.10467043571055559,1,Leveraged / High Debt,Companies with high debt-to-equity ratio and lower operational performance.
ADANIPORTS,Adani Ports & Special Economic Zone Ltd,2024-03,Industrials,Infrastructure,26711,8104,15.3548827162833,12.9,30.339560480700833,0.9373223691689719,5.949506037321624,8250,6768,16.0,48.9,2.31,31.76,1.16,28.631936311849437,19.57867595245697,14.909565182041629,37.789734468642024,1.8531589338598222,67.11400741113296,1.2211403642233938,58.36172363445772,0.22830109659056916,3,High-Quality Growth Compounder,Premium companies with superior return on equity and strong revenue growth.
ADANIPOWER,Adani Power Ltd,2024-03,Energy,Power & Utilities,50351,20829,48.27674122146251,32.2,41.36759945184802,0.8023177656738903,8.297225501770956,17651,3481,0.0,44.57,9.91,24.76,1.65,24.294797156226156,16.086096410440966,0.0,30.711180607907206,0.6803015027125642,80.70728436030137,1.2863439442922924,36.20186292228556,0.5472399439185297,0,Steady Performers,"Moderate returns, reasonable growth, and standard leverage profiles."
AMBUJACEM,Ambuja Cements Ltd,2024-03,Materials,Cement,33160,4738,11.428984947896565,12.8,14.288299155609169,0.01686125048243921,28.264492753623188,-3295,8941,12.0,55.62,9.21,27.67,3.1,0.0,0.0,0.0,0.0,1.1916420430561419,31.047651138765573,-0.25713841204302407,19.300361881785282,0.5081135747230352,0,Steady Performers,"Moderate returns, reasonable growth, and standard leverage profiles."
APOLLOHOSP,Apollo Hospitals Chain of Indian private hospitals,2024-03,Healthcare,Healthcare,19059,935,13.480392156862745,17.2,4.905818773282963,0.7688869665513264,5.565701559020044,383,1537,26.0,47.72,7.68,16.74,3.22,21.752736351876713,14.660042602193135,36.13077689773863,14.572241252408503,2.053475935828877,53.28818812634419,0.0200984200212211,12.56099480560365,1.1383944570541153,0,Steady Performers,"Moderate returns, reasonable growth, and standard leverage profiles."
ASIANPAINT,Asian Paints Indian Multi-National Paint and Coating Manufacturing Company,2024-03,Materials,Paints & Coatings,35495,5558,29.677488252883382,41.75,15.658543456824905,0.1321016659547202,41.00487804878049,3556,2548,58.0,73.37,3.9,23.94,2.42,17.801037676951047,13.029660349453076,20.277362101955056,18.035870453634505,1.0982367758186398,65.35550159831844,0.16720543083991699,21.3692069305536,1.187084044011906,0,Steady Performers,"Moderate returns, reasonable growth, and standard leverage profiles."
ATGL,Adani Total Gas Ltd,2024-03,Energy,Gas Distribution,4475,668,18.65921787709497,21.2,14.927374301675977,0.43491620111731844,10.504504504504505,0,0,4.0,56.96,5.76,28.93,0.51,38.18335427451367,21.08864867789759,23.8762916927858,0.0,0.0,49.39377299292403,0.0,24.670391061452516,0.6788531553398058,0,Steady Performers,"Moderate returns, reasonable growth, and standard leverage profiles."
AXISBANK,Axis Bank Ltd,2024-03,Financials,Private Banks,109369,24861,15.832712405189048,7.06,22.73130411725443,8.249122739980766,1.691203992514036,-14556,9001,1.0,38.14,4.66,16.87,2.32,19.966046890428714,14.743587120514379,39.67228711897934,0.0,-0.2234423394071035,36.59746994880084,-1.5340374357196316,34.69264599658038,0.0720367478374617,1,Leveraged / High Debt,Companies with high debt-to-equity ratio and lower operational performance.
BAJAJ-AUTO,Bajaj Auto Ltd,2024-03,Consumer Discretionary,Two Wheelers,44870,7708,26.61418410330778,33.5,17.178515712057056,0.06601754022512257,174.41666666666666,6486,72,29.0,29.91,9.83,20.14,3.59,17.384652616671946,8.127604751021389,9.358917170384974,23.982350488934777,0.8508043591074209,60.21118505970747,0.992020247858232,19.534209939826162,1.1404534363562424,0,Steady Performers,"Moderate returns, reasonable growth, and standard leverage profiles."
BAJAJFINSV,Bajaj Finserv Ltd,2024-03,Financials,Diversified Financials,110382,15595,25.850351412279537,21.14,14.128209309488865,4.789368120938867,2.197130112323319,-79634,10960,2.0,15.07,6.08,39.72,2.56,22.131490415528443,20.97274568418761,23.74781614270227,0.0,-4.403590894517474,35.72340374316533,-4.180016339930263,37.04045949520755,0.2053943414307379,1,Leveraged / High Debt,Companies with high debt-to-equity ratio and lower operational performance.
BAJAJHLDNG,Bajaj Holdings & Investment Ltd,2024-03,Financials,Holding Companies,1702,7365,13.576787656460265,13.1,432.7262044653349,0.0011613545449517945,3764.5,1469,472,20.0,37.73,9.38,27.47,3.37,55.00574158769729,31.612293448969165,19.297559063731295,25.867547044417382,0.26354378818737273,67.65093978518108,0.06702962960133939,91.7743830787309,0.026119918356071883,3,High-Quality Growth Compounder,Premium companies with superior return on equity and strong revenue growth.
BAJFINANCE,Bajaj Finance Ltd,2024-03,Financials,Consumer Finance,54972,14451,18.841921351830603,11.9,26.287928399912687,3.824788776468134,2689.1666666666665,-79931,7171,15.0,69.2,4.11,15.96,0.27,27.259405758095312,24.352642739542006,29.323134825979015,0.0,-5.034945678499758,43.32083125212708,-3.2317922805711454,29.285818234737686,0.14630251608816688,1,Leveraged / High Debt,Companies with high debt-to-equity ratio and lower operational performance.
BANKBARODA,Bank of Baroda,2024-03,Financials,Public Sector Banks,118379,18869,15.761863790899902,6.33,15.93948250956673,12.143718727289434,1.8967477242617206,-7559,1285,21.0,16.89,4.15,24.7,2.62,16.788839489625307,17.477297665890944,74.50588066551305,0.0,-0.3325030473263024,35.6444063232284,-1.279081332956056,37.4889127294537,0.07153782236255685,1,Leveraged / High Debt,Companies with high debt-to-equity ratio and lower operational performance.
BEL,Bharat Electronics Ltd,2024-03,Industrials,Defence Electronics,20268,3985,4744.047619047619,34.6,19.661535425300965,0.5119047619047619,476.75,-1265,5924,40.0,17.89,9.22,23.14,0.76,12.8335418079377,10.7508063318833,16.12648618019128,0.0,1.1691342534504392,62.953702876569565,-0.09337302073000636,24.921057825143084,125.88819875776397,2,Market Averages,"Moderate returns, reasonable growth, and standard leverage profiles."
BHARTIARTL,Bharti Airtel Ltd,2024-03,Communication Services,Telecommunications,149982,8558,10.35839213740181,13.1,5.706018055499993,2.6094723973904306,3.3055457435535147,27809,51089,62.0,63.78,6.28,39.71,1.02,14.232767250604962,13.17410230151459,38.35662769365473,0.0,9.219210095816779,41.441211289531736,7.345106122639473,52.20093077836007,0.3393112060793767,3,High-Quality Growth Compounder,Premium companies with superior return on equity and strong revenue growth.
BHEL,Bharat Heavy Electricals Limited,2024-03,Industrials,Capital Goods,23893,282,1.1539405843358703,3.28,1.180262001423011,0.36238644733611586,1.5929951690821256,-2382,1331,31.0,29.8,11.43,21.59,4.04,11.343850250620191,-4.728642461606237,-22.397399063784775,0.0,-13.166666666666666,11.967812304551886,-0.4410671269170658,2.9757669610346125,0.399628688031043,0,Steady Performers,"Moderate returns, reasonable growth, and standard leverage profiles."
BOSCHLTD,Bosch Ltd,2024-03,Consumer Discretionary,Auto Ancillaries,16727,2490,20.639920424403183,20.6,14.886112273569676,0.003232758620689655,71.7843137254902,1536,283,44.0,58.43,6.47,16.07,4.23,19.843289373663996,6.717165240230294,9.275930793686072,-8.2232541048765,0.5032128514056224,41.97221169971837,0.05908701218425355,12.524660728164047,0.9638144626908672,0,Steady Performers,"Moderate returns, reasonable growth, and standard leverage profiles."
BPCL,Bharat Petroleum Corporation Ltd,2024-03,Energy,Oil & Gas Refining,448083,26859,35.511337343822305,32.1,5.994201967046283,0.7218747934157467,11.355507351168956,25415,10521,33.0,68.15,0.72,26.59,1.15,24.863629368132333,8.483226324685255,25.790698729746552,0.0,1.3379500353698945,55.33438004242353,5.422883218663305,9.837909494446341,2.213651947949293,0,Steady Performers,"Moderate returns, reasonable growth, and standard leverage profiles."
BRITANNIA,Britannia Industries Ltd,2024-03,Consumer Staples,Food Products,16769,2134,54.14869322506978,48.9,12.725863199952292,0.5239786856127886,20.597560975609756,3050,477,83.0,63.91,4.26,33.95,1.88,8.479583308976203,8.690023727476138,13.063515827454196,58.59345160881666,1.2057169634489222,75.15785592486951,0.9391963078561093,18.886039716142882,1.8484347442680775,0,Steady Performers,"Moderate returns, reasonable growth, and standard leverage profiles."
CANBK,Canara Bank,2024-03,Financials,Public Sector Banks,110519,15401,16.716051794688113,6.63,13.935160470145405,14.867419925542423,1.6106611743349857,13296,1750,19.0,36.74,12.61,25.23,3.81,16.302939300232524,18.17561078322378,85.7752850068174,-5.337862323751841,0.9769495487306019,40.249670906863656,2.6783994097851984,41.753906568101414,0.0719985042520674,1,Leveraged / High Debt,Companies with high debt-to-equity ratio and lower operational performance.
CHOLAFIN,Cholamandalam Investment & Finance Company Ltd,2024-03,Financials,Consumer Finance,19163,3420,17.455213596692694,10.4,17.846892448990243,6.863420609401317,21.211764705882352,-38538,2855,5.0,16.79,10.36,13.52,2.83,25.985530916686983,21.939164804975263,23.363417251672082,0.0,-10.433625730994152,35.42263220037453,-3.9650923712808046,28.10102802275218,0.12230192869816066,1,Leveraged / High Debt,Companies with high debt-to-equity ratio and lower operational performance.
CIPLA,Cipla Ltd,2024-03,Healthcare,Pharmaceuticals,25774,4154,15.554557028383135,22.8,16.11701714906495,0.020931625851868495,35.33876811594203,1152,2982,25.0,59.75,5.93,33.7,0.12,10.389755935227928,9.513860126378049,22.726834848000887,228.75036590344516,0.9951853635050554,60.4011406934056,0.26193536813003726,75.59168153953597,0.7922417237881536,4,Sturdy Cash Cows,"Highly profitable, asset-light companies with stable cash generation and low debt."
COALINDIA,Coal India Ltd,2024-03,Materials,Mining & Metals,142324,37369,45.16982956605826,63.6,26.25628846856468,0.0788468512027076,11.24178180085755,13617,4486,42.0,34.27,14.75,25.15,4.38,16.493956528516662,7.402890725901301,16.43231987118112,9.987217411819094,0.48443897348069254,70.9263832419236,2.9991751112119767,66.29380849329698,0.6018691588785047,3,High-Quality Growth Compounder,Premium companies with superior return on equity and strong revenue growth.
DABUR,Dabur India Ltd,2024-03,Consumer Staples,Personal Products,12404,1811,18.355969997972835,22.3,14.600128990648178,0.13835394283397526,23.241935483870968,1042,971,53.0,50.95,13.59,12.02,3.42,9.061384362071356,7.814065037783324,4.604418961155621,-10.720507575469451,1.1115405853119824,40.31279014614201,1.8435351715372323,19.348597226701063,0.8205874569992061,0,Steady Performers,"Moderate returns, reasonable growth, and standard leverage profiles."
DIVISLAB,Divis Laboratories Ltd,2024-03,Healthcare,Pharmaceuticals,7845,1600,11.78984599513669,16.5,20.395156150414277,0.0002210596124088129,636.25,992,269,50.0,69.95,12.34,31.81,1.39,4.025743333608478,9.664930361854074,3.4104521925080844,29.823071047777418,0.788125,53.922527665082384,0.061423058204904804,28.170809432759718,0.5074385510996119,0,Steady Performers,"Moderate returns, reasonable growth, and standard leverage profiles."
DLF,DLF Ltd,2024-03,Real Estate,Real Estate,6427,2724,6.908270142781061,5.74,42.38369379181578,0.12259389820192235,7.457865168539326,1010,1529,45.0,46.26,14.32,10.41,2.58,5.883921200220743,-5.136730668466605,15.697066513836644,-13.167331275383065,0.9320851688693098,40.30945282133054,0.07309772065891328,33.04807841916913,0.10880495691479457,0,Steady Performers,"Moderate returns, reasonable growth, and standard leverage profiles."
DMART,Avenue Supermarts Ltd,2024-03,Consumer Discretionary,Retail,50789,2536,13.56294790886726,19.4,4.993207190533383,0.031661140228901485,73.29310344827586,278,2468,0.0,72.53,11.71,36.84,1.94,28.132551951927297,20.48312440202782,22.96698996520703,0.0,1.082807570977918,49.39618006881719,0.00910553222430331,8.084427730414067,2.398875873795579,0,Steady Performers,"Moderate returns, reasonable growth, and standard leverage profiles."
DRREDDY,Dr Reddys Laboratories Ltd,2024-03,Healthcare,Pharmaceuticals,28011,5578,19.74233736816026,26.5,19.913605369319196,0.07085722375592836,51.707602339181285,509,4034,12.0,11.73,10.19,14.56,0.09,13.71726615103832,12.639644349571988,23.392504645437473,-24.68901184980715,0.8144496235209753,51.23042353226644,0.020845250072724943,28.321016743422227,0.7223053120165034,0,Steady Performers,"Moderate returns, reasonable growth, and standard leverage profiles."
EICHERMOT,Eicher Motors Ltd,2024-03,Consumer Discretionary,Two Wheelers,16536,4001,22.172346910501524,31.1,24.195694242864054,0.023219728456636186,114.70588235294117,890,2834,35.0,15.62,13.61,19.29,4.41,23.776441520116,11.036936496739692,12.675841665377696,-0.552520013345259,0.9307673081729567,53.54611086245712,0.4001945575069012,26.179245283018872,0.7153796236210254,0,Steady Performers,"Moderate returns, reasonable growth, and standard leverage profiles."
GAIL,GAIL (India) Ltd,2024-03,Energy,Gas Distribution,133228,9903,12.861540060002339,14.7,7.433122166511544,0.28304998896060884,23.624478442280946,4360,8226,37.0,25.84,9.54,33.07,0.31,32.42353373080278,11.825154521824267,8.608876760374562,13.814112331981754,1.270928001615672,45.66745472034233,0.28461990353382827,10.743987750322754,1.0680883472962681,0,Steady Performers,"Moderate returns, reasonable growth, and standard leverage profiles."
GODREJCP,Godrej Consumer Products Ltd,2024-03,Consumer Staples,Personal Products,14096,-561,-4.45308779171297,26.49,-3.9798524404086266,0.2557548817272583,2.412903225806452,-1365,3435,0.0,33.59,8.07,23.55,3.09,8.522532034887087,6.447080048592069,0.0,0.0,-3.6898395721925135,14.731164238957788,-0.10280184353453976,20.977582292849036,0.7664201826881253,0,Steady Performers,"Moderate returns, reasonable growth, and standard leverage profiles."
GRASIM,Grasim Industries Ltd,2024-03,Industrials,Diversified Industrials,130978,9926,11.196462612658342,9.3,7.578371940325857,1.5470993649397087,3.015845639754231,-33833,23114,12.0,79.35,5.68,15.23,0.98,19.68160909363319,11.15172597339149,29.314249729328566,0.0,-1.0798911948418295,30.281426857959787,-7.063967310949983,20.763028905617738,0.3178182841724175,0,Steady Performers,"Moderate returns, reasonable growth, and standard leverage profiles."
HAL,Hindustan Aeronautics Ltd,2024-03,Industrials,Defence & Aerospace,30381,7595,3816.5829145728644,38.9,24.999177117277245,0.6180904522613065,270.8837209302326,1814,6412,31.0,71.89,3.65,8.76,2.77,9.909701355201484,8.712548590236358,26.485270563052985,0.0,1.0830809743252139,71.29368698927246,0.06861811283803056,32.08913465652875,67.51333333333334,2,Market Averages,"Moderate returns, reasonable growth, and standard leverage profiles."
HAVELLS,Havells India Ltd,2024-03,Industrials,Consumer Electricals,18590,1271,17.067275412917954,24.4,6.837009144701453,0.040687525177924,25.357142857142858,335,1618,44.0,45.41,14.08,30.73,2.6,21.14089015706202,13.037907939063121,10.033231229420036,-13.354873869419738,1.5365853658536586,41.97888154505844,0.013285695877801929,10.118343195266272,1.4952143489101584,0,Steady Performers,"Moderate returns, reasonable growth, and standard leverage profiles."
HCLTECH,HCL Technologies Ltd,2024-03,Information Technology,IT Services,109913,15710,23.01393141233172,29.6,14.293122742532729,0.08435023365512796,46.46112115732369,15840,6608,90.0,63.63,5.44,31.21,1.99,13.396477329776978,12.710299978373406,9.194090295112023,22.616181854301498,1.428898790579249,59.811758361111096,3.8391317512701186,22.015594151738192,1.1101650405025958,0,Steady Performers,"Moderate returns, reasonable growth, and standard leverage profiles."
HDFCBANK,HDFC Bank Ltd,2024-03,Financials,Private Banks,283649,65446,14.33974005030719,7.67,23.07288232992184,6.808786667718385,1.4007688224792112,35669,16600,23.0,49.42,4.4,22.54,4.33,30.186956140948773,21.95098428169122,23.865063572879073,0.0,0.2913699844146319,41.73017566268351,4.412519521183551,61.41252040373843,0.07038097917866981,1,Leveraged / High Debt,Companies with high debt-to-equity ratio and lower operational performance.
HDFCLIFE,HDFC Life Insurance Company Ltd,2024-03,Financials,Life Insurance,101482,1574,10.732306013909723,6.61,1.5510139729213062,0.06477567162143734,192.2895238095238,-2893,13614,27.0,50.59,11.28,31.63,3.22,12.366704821498665,21.16813430936688,4.25449161597129,0.0,6.81130876747141,40.36261753495226,-6.151706657367163,99.47675449833469,0.33527042786773137,3,High-Quality Growth Compounder,Premium companies with superior return on equity and strong revenue growth.
HEROMOTOCO,Hero MotoCorp Ltd,2024-03,Consumer Discretionary,Two Wheelers,37789,3742,21.14243742584327,29.1,9.902352536452407,0.03423922255494661,47.268505079825836,3095,1828,75.0,53.86,12.6,28.27,1.91,6.870906150291889,2.1530677970544643,1.5441818871883894,5.8427088923197035,1.3156066274719402,43.219305592785474,0.19423862750722218,86.14676228532112,1.4449202768324858,3,High-Quality Growth Compounder,Premium companies with superior return on equity and strong revenue growth.
HINDALCO,Hindalco Industries Ltd,2024-03,Materials,Metals & Mining,215962,10155,9.567011474761177,11.3,4.702216130615571,0.5309290976579428,126.46543778801843,9789,14267,8.0,56.45,9.32,27.63,0.98,17.830855223435172,10.592433818985914,13.06871230695661,8.463802473474736,2.368882323978336,41.7834447507926,1.355289512628809,88.94620349876368,0.9360228499109322,3,High-Quality Growth Compounder,Premium companies with superior return on equity and strong revenue growth.
HINDUNILVR,Hindustan Unilever Ltd,2024-03,Consumer Staples,FMCG,61896,10282,20.074973642078955,27.2,16.611735814915342,0.028974188761763442,57.847001223990205,10145,5324,96.0,34.51,11.88,7.52,4.32,9.589435897156351,9.504485244074123,11.152950436803422,13.601756995927673,1.504473837774752,54.227223419702945,1.8482736240750641,76.31672482874498,0.7885945801322478,3,High-Quality Growth Compounder,Premium companies with superior return on equity and strong revenue growth.
ICICIBANK,ICICI Bank Ltd,2024-03,Financials,Private Banks,159516,46081,17.99027109750765,7.6,28.888011233982798,6.445624336310825,1.3009461331381824,12547,144737,16.0,25.76,6.2,38.28,3.43,21.39660074377121,17.25086850260209,51.94877118224903,-7.360467011220518,3.4132071786636575,48.52778494357482,0.9510909711578005,62.41380175029464,0.06747535915921023,1,Leveraged / High Debt,Companies with high debt-to-equity ratio and lower operational performance.
ICICIGI,ICICI Lombard General Insurance Company Ltd,2024-03,Financials,General Insurance,20487,1919,15.7230643179025,22.5,9.366915605017816,0.0028676771814829987,160.02678571428572,486,1921,28.0,49.0,7.86,36.96,3.46,18.98796206427069,12.911841003362579,12.839173718198161,32.27903093325808,1.2542991141219386,57.54983187777149,0.03821387979852416,87.42129155073948,0.3236083907247109,3,High-Quality Growth Compounder,Premium companies with superior return on equity and strong revenue growth.
ICICIPRULI,ICICI Prudential Life Insurance Company Ltd,2024-03,Financials,Life Insurance,90307,851,7.732848705134029,8.75,0.942341125272681,0.10904134484325306,31.021548821548823,105,7420,10.0,20.83,12.38,22.57,0.35,2.777335010929405,16.84553965244746,-5.6631941891523425,-51.26166654001434,-8.595769682726205,27.086984985192583,0.006574879059013327,102.02531365231931,0.3020290902037117,3,High-Quality Growth Compounder,Premium companies with superior return on equity and strong revenue growth.
INDIGO,Interglobe Aviation Ltd,2024-03,Consumer Discretionary,Airlines,68904,8167,892.568306010929,24.5,11.852722628584697,0.018579234972677595,22.612639724849526,9424,11759,0.0,76.23,7.87,24.64,4.27,67.58091776468258,19.313355125806165,120.69250867467933,71.56520119992503,2.5937308681278317,91.27138722585146,0.9056027172386589,76.29890862649484,56.38625204582652,3,High-Quality Growth Compounder,Premium companies with superior return on equity and strong revenue growth.
INDUSINDBK,IndusInd Bank Ltd,2024-03,Financials,Private Banks,45748,8950,14.252273197764223,7.93,19.56369677362945,6.885742949503957,1.8795270558159352,-17468,625,14.0,8.99,3.7,28.79,1.42,16.410290098595137,15.495613083358029,22.077464953948358,0.0,-1.8818994413407821,28.705720264905477,-0.9664534641259643,38.55469091544986,0.08884228106460039,1,Leveraged / High Debt,Companies with high debt-to-equity ratio and lower operational performance.
INFY,Infosys Ltd,2024-03,Information Technology,IT Services,153670,26248,29.788006718416632,40.0,17.08075746730006,0.09486358890553362,87.52340425531915,20117,5093,0.0,35.99,8.97,36.7,4.1,15.216500798806365,13.199100930556229,11.239419983657939,7.201272446841034,0.9604541298384639,59.238215478713755,1.808627454139422,23.703390381987376,1.129760329363329,0,Steady Performers,"Moderate returns, reasonable growth, and standard leverage profiles."
IOC,Indian Oil Corporation,2024-03,Energy,Oil & Gas Refining,776352,43161,23.53162465856491,21.31,5.559462717942377,0.7230954600718581,10.282324578099226,39635,31464,40.0,28.61,4.24,33.71,1.25,28.727791225279177,8.008755667240486,20.099089966731643,0.0,1.6472973286068442,46.25149890775382,2.794810104975634,9.743776019125345,1.6084096601703395,0,Steady Performers,"Moderate returns, reasonable growth, and standard leverage profiles."
IRCTC,Indian Railway Catering & Tourism Corporation Ltd,2024-03,Consumer Discretionary,Travel & Tourism,4270,1111,34.39628482972136,53.8,26.01873536299766,0.018575851393188854,82.73684210526316,667,215,47.0,60.44,5.74,32.47,1.08,76.46921430165466,17.955244103890912,29.16686408659448,35.50477381816852,0.7938793879387939,82.84874924917106,0.05299874823631171,34.33255269320843,0.7010343129207027,0,Steady Performers,"Moderate returns, reasonable growth, and standard leverage profiles."
IRFC,Indian Railway Finance Corporation Ltd,2024-03,Financials,Speciality Finance,26645,6412,13.038085361638096,5.73,24.064552448864703,8.378352548852153,1.3194865927068304,7906,8,31.0,9.81,3.91,16.66,2.82,19.101938730495593,19.06740855567788,23.245023933940367,0.0,1.2342482844666252,41.33477723599772,0.3019460457018293,99.50459748545694,0.05492885738906,1,Leveraged / High Debt,Companies with high debt-to-equity ratio and lower operational performance.
ITC,ITC Ltd,2024-03,Consumer Staples,Diversified FMCG,70866,20751,27.851074395694365,34.76,29.282025230717128,0.004066731984914169,362.9625,18742,1563,84.0,47.85,3.24,17.19,4.26,12.890307004910628,7.950896846254429,10.083407558317958,21.642595037341806,0.8278637174112091,65.21406307930964,5.641008076014133,37.0177518132814,0.7723477995509732,0,Steady Performers,"Moderate returns, reasonable growth, and standard leverage profiles."
JINDALSTEL,Jindal Steel & Power Ltd,2024-03,Materials,Steel,50354,5943,13.410506363390198,13.2,11.802438733764944,0.3716941962270963,8.004636785162287,-2336,8344,3.0,77.64,5.73,20.22,1.9,13.346256701428505,1.4028310947741707,0.0,0.0,1.010937237085647,29.44567930196899,-0.5890244225007633,20.260555268697622,0.6400172860847018,0,Steady Performers,"Moderate returns, reasonable growth, and standard leverage profiles."
JIOFIN,Jio Financial Services Ltd,2024-03,Financials,Diversified Financials,1855,1605,1.153456416595399,2.16,86.52291105121293,0.0,198.8,763,1441,0.0,34.24,9.91,26.41,3.09,0.0,0.0,0.0,0.0,-0.4224299065420561,37.82609653528334,0.054430989669747215,84.04312668463612,0.012805202156520298,3,High-Quality Growth Compounder,Premium companies with superior return on equity and strong revenue growth.
JSWENERGY,JSW Energy Ltd,2024-03,Energy,Power & Utilities,11486,1725,8.280529953917052,8.59,15.018283127285393,1.5156009984639016,2.8514369215781783,-1963,8197,19.0,24.79,9.88,35.95,1.25,18.389287172901202,4.6799560539164675,20.322431469794555,0.0,3.6139130434782607,30.964524483390353,-1.7705336124937798,46.857043357130415,0.19883324389357246,0,Steady Performers,"Moderate returns, reasonable growth, and standard leverage profiles."
JSWSTEEL,JSW Steel Ltd,2024-03,Materials,Steel,175006,8973,11.5528718021347,13.36,5.127252779904689,1.1328071688833383,3.659099321406539,-2389,14467,25.0,69.27,4.37,35.49,2.94,29.901036567598815,15.604695052452788,3.585216043903361,0.0,1.3460381143430291,29.992004281345476,-0.09143985264473488,16.089162657280323,0.7679137157851319,0,Steady Performers,"Moderate returns, reasonable growth, and standard leverage profiles."
KOTAKBANK,Kotak Mahindra Bank Ltd,2024-03,Financials,Private Banks,56237,18213,14.013018188532914,7.86,32.386151466116615,4.003739266919029,1.2363751084470385,6766,8919,2.0,32.9,1.15,15.52,1.51,19.66335897034557,13.51960376324537,20.38200065626572,0.0,0.8611980453522209,40.98485884581406,1.5726708758275234,83.66733645109092,0.07325702420450533,3,High-Quality Growth Compounder,Premium companies with superior return on equity and strong revenue growth.
LICI,Life Insurance Corporation of India,2024-03,Financials,Life Insurance,845966,40916,49.44710986501021,63.79,4.836600998148862,0.0,371.9375,853,25269,15.0,30.67,8.1,12.21,3.77,6.981735429882496,8.15986061977938,73.17556747076097,-48.217288413715806,0.6384299540522045,63.73815067230276,0.46463827637828564,3.87474201090824,0.15913440945875762,0,Steady Performers,"Moderate returns, reasonable growth, and standard leverage profiles."
LODHA,Macrotech Developers Ltd,2024-03,Real Estate,Real Estate,10316,1554,8.895758200240426,11.1,15.063978286157425,0.4406663232010991,5.628630705394191,-435,2947,0.0,51.95,7.65,34.33,4.05,23.70811095275156,-2.8278535641862446,-1.119685230740497,0.0,1.6164736164736164,28.05129041062899,-0.03595279056427525,25.833656455990695,0.21856858341455146,0,Steady Performers,"Moderate returns, reasonable growth, and standard leverage profiles."
LT,Larsen & Toubro Ltd,2024-03,Industrials,Engineering & Construction,221113,15547,77.66510140873214,17.18,7.031246466738726,0.10345688880007993,3.5441547518923464,20445,2179,36.0,30.8,2.48,16.63,1.26,17.592821624288746,10.335347989682408,8.75885858017449,0.0,1.1748890461182222,59.61620070324732,1.8179837675257147,13.506668535997433,8.027628521638107,0,Steady Performers,"Moderate returns, reasonable growth, and standard leverage profiles."
LTIM,LTIMindtree Ltd,2024-03,Information Technology,IT Services,35517,4585,22.904386052552702,34.1,12.90931103415266,0.10345688880007993,31.93243243243243,1752,3918,42.0,64.52,2.38,18.9,4.43,42.13101535214459,30.32798083513346,24.775129058600996,22.084440373864076,1.2366412213740459,68.04401206098106,0.13006228662120078,17.982937748120616,1.2894641301190821,0,Steady Performers,"Moderate returns, reasonable growth, and standard leverage profiles."
M&M,Mahindra & Mahindra Ltd,2024-03,Consumer Discretionary,Automobiles,139078,12270,18.537543435564285,26.98,8.82238743726542,1.6414413053331318,3.7646901709401708,-11245,5615,21.0,14.22,0.81,29.08,2.37,23.253542874034295,5.838805854237616,15.316887061047968,0.0,-0.4588427057864711,29.48835024864632,-0.2694648852484086,17.89787025985418,0.5925222177725139,0,Steady Performers,"Moderate returns, reasonable growth, and standard leverage profiles."
MARUTI,Maruti Suzuki India Ltd,2024-03,Consumer Discretionary,Automobiles,141858,13488,15.750385351954785,23.67,9.50809964894472,0.001389602503619973,117.90721649484536,4936,11865,29.0,20.78,8.26,29.97,1.78,26.323644326166008,10.510215112642584,12.007182039300378,10.027783515753708,1.2456257413997627,47.772493328322476,0.3282212496887102,13.130031439890594,1.230295566502463,0,Steady Performers,"Moderate returns, reasonable growth, and standard leverage profiles."
MOTHERSON,Samvardhana Motherson International Ltd,2024-03,Consumer Discretionary,Auto Ancillaries,98692,3020,11.546549416937488,13.7,3.0600251286831757,0.7616899254444657,5.224737713970182,925,6644,20.0,9.54,2.38,33.39,2.18,19.82084189180693,9.21195713294276,7.557399109099472,-1.4285671285633073,2.5062913907284767,35.043027837099714,0.6329063689949501,9.445547764763102,1.1724203473591674,0,Steady Performers,"Moderate returns, reasonable growth, and standard leverage profiles."
NAUKRI,Info Edge (India) Ltd,2024-03,Communication Services,Internet & Platforms,2536,595,1.9661621835965897,3.65,23.462145110410095,0.008129006675038002,28.97142857142857,-150,852,49.0,32.88,8.33,11.87,4.29,31.002640631164248,17.115610089960743,0.10114653187012212,0.0,1.1798319327731093,40.46516073463698,-0.026604025891463663,28.036277602523658,0.07027071960985341,0,Steady Performers,"Moderate returns, reasonable growth, and standard leverage profiles."
NESTLEIND,Nestle India Ltd,2024-03,Consumer Staples,Food Products,24394,3933,117.75449101796407,185.43,16.12281708616873,0.10329341317365269,41.186206896551724,2938,1237,79.0,54.96,14.34,15.49,3.85,0.0,0.0,0.0,0.0,1.0615306381896772,59.41986348515063,0.17511285287273798,23.829630236943512,2.318160220469448,0,Steady Performers,"Moderate returns, reasonable growth, and standard leverage profiles."
NHPC,NHPC Ltd,2024-03,Energy,Power & Utilities,9632,4028,10.407730866621879,7.67,41.81893687707641,0.8413260296625498,11.243421052631579,970,5968,53.0,71.17,13.74,18.26,1.68,-0.05530974579651682,1.404917217643753,7.269596517101484,-18.159592302569283,1.7224428997020853,38.92398567754964,0.05573417784977254,49.90656146179402,0.10324018993108032,0,Steady Performers,"Moderate returns, reasonable growth, and standard leverage profiles."
NTPC,NTPC Ltd,2024-03,Energy,Power & Utilities,178501,21332,13.273598407068633,10.58,11.950633329785267,1.475521125007778,4.604991464108609,8644,32141,36.0,30.8,5.24,37.12,0.06,16.971938102031615,12.222309654337993,8.735165684951163,0.0,1.9119163697731107,38.958551889424655,0.9521678733206076,28.82672926202094,0.37243729109201756,0,Steady Performers,"Moderate returns, reasonable growth, and standard leverage profiles."
ONGC,Oil & Natural Gas Corpn Ltd,2024-03,Energy,Oil & Gas Exploration,591396,57101,16.940398136885513,19.71,9.655290194725701,0.45444863084819176,11.361290955463998,42060,57203,31.0,18.15,10.36,11.72,1.11,24.855263957274687,7.001683761214439,10.96639922553624,11.573154797773345,1.7383758603176827,46.143973233155805,10.781545408672736,17.388518015001793,0.8332173339682772,0,Steady Performers,"Moderate returns, reasonable growth, and standard leverage profiles."
PFC,Power Finance Corporation Ltd,2024-03,Financials,Speciality Finance,91508,26461,26.1609340860332,9.96,28.916597455960137,8.521864217426122,0.5804147544943239,-101229,3409,23.0,35.6,6.59,15.67,0.42,8.493112204756725,11.081753577550923,15.923593622700727,0.0,-3.6967612713049394,32.20559552665517,-5.031547988302576,36.68859553263103,0.0880835748601615,1,Leveraged / High Debt,Companies with high debt-to-equity ratio and lower operational performance.
PIDILITIND,Pidilite Industries Ltd,2024-03,Materials,Specialty Chemicals,12383,1747,20.780302129178065,29.7,14.108051360736493,0.045438325205186154,54.333333333333336,955,1769,47.0,36.12,12.3,5.36,1.01,19.2998469335665,11.836370175898114,13.48774998597666,23.53017525858574,1.559244419004007,59.66656224438383,0.588510137595519,21.868690947266415,1.0254223252732693,0,Steady Performers,"Moderate returns, reasonable growth, and standard leverage profiles."
PNB,Punjab National Bank,2024-03,Financials,Public Sector Banks,109065,9157,61.320565191187306,1.63,8.395910695456838,3.684256345007701,999.0,-29445,1506,18.0,19.29,10.91,23.64,1.32,10.003199043012213,15.902076009106025,0.0,0.0,-3.0511084416293546,44.42950675260059,-1.6126067787208855,0.0,1.5070262950629396,0,Steady Performers,"Moderate returns, reasonable growth, and standard leverage profiles."
POWERGRID,Power Grid Corporation of India Ltd,2024-03,Energy,Power Transmission,45843,15573,17.870011245496066,13.2,33.97028990249329,1.4173456039290386,4.60298643565485,24176,13114,67.0,64.39,5.1,23.07,3.09,4.965471644662767,5.510261937513361,9.189188268434778,39.69769001638159,2.394528992486997,57.84063119311301,6.488733930345523,86.87476823070044,0.18276594811604718,3,High-Quality Growth Compounder,Premium companies with superior return on equity and strong revenue growth.
RECLTD,REC Ltd,2024-03,Financials,Speciality Finance,47517,14145,20.39653929343908,10.0,29.7682934528695,6.4249170872386445,1.6004741552023507,-59554,1831,30.0,31.49,4.59,23.95,2.18,10.147497322590194,13.338042247865678,19.763114350230794,0.0,-4.0808059384941675,31.347661081203928,-20.40097504287343,100.7702506471368,0.08667964267928514,1,Leveraged / High Debt,Companies with high debt-to-equity ratio and lower operational performance.
RELIANCE,Reliance Industries Ltd,2024-03,Energy,Conglomerates,899041,79020,9.958650553699458,9.61,8.789365557299389,0.5784524141094746,7.728912535686478,45207,113581,10.0,58.34,3.25,24.96,4.21,24.46173600944801,9.606097094616972,14.680632603495592,0.0,2.00946595798532,38.94351137458178,10.453145124463461,18.07459281612296,0.5122600635424216,0,Steady Performers,"Moderate returns, reasonable growth, and standard leverage profiles."
SBILIFE,SBI Life Insurance Company Ltd,2024-03,Financials,Life Insurance,131988,1894,12.704588140595655,13.2,1.4349789374791648,0.0,240.33333333333334,-2099,31221,14.0,69.98,9.48,31.04,1.62,17.235877577119997,24.231614182367544,7.374662152227485,0.0,15.375923970432947,42.65610223536078,-0.23688132542403253,0.18638058005273206,0.33137919000549837,0,Steady Performers,"Moderate returns, reasonable growth, and standard leverage profiles."
SHREECEM,Shree Cement Ltd,2024-03,Materials,Cement,20521,1733,8.370767521615225,14.8,8.445007553238145,0.07998840747717723,19.825581395348838,1929,1418,16.0,25.87,1.21,26.58,3.2,14.809971802418321,10.325615915556586,11.2926552609119,7.2404589297854205,1.93133294864397,42.108035872626864,0.06115348347250073,22.01647093221578,0.7348612354521038,0,Steady Performers,"Moderate returns, reasonable growth, and standard leverage profiles."
SHRIRAMFIN,Shriram Finance Ltd,2024-03,Financials,Consumer Finance,36388,7399,15.116350338120824,11.3,20.333626470264925,3.994034363699512,0.6766743648960739,-31359,258,23.0,68.53,7.91,28.82,1.86,27.82625310142639,18.556070052776754,23.49387942502037,0.0,-4.203405865657522,30.134594167695305,-3.608906905151208,28.918874354182698,0.14656859980827017,1,Leveraged / High Debt,Companies with high debt-to-equity ratio and lower operational performance.
SIEMENS,Siemens Ltd,2024-09,Industrials,Capital Goods,22240,2718,17.698769290877124,25.6,12.221223021582734,0.018167610861496385,67.15,1168,502,16.0,33.32,9.25,30.88,3.69,18.998700727442852,11.193358902067896,19.85339817550189,53.28962129081927,0.6144223693892568,59.82788814942008,0.09804152402695152,13.956834532374101,0.8790861298865568,0,Steady Performers,"Moderate returns, reasonable growth, and standard leverage profiles."
SUNPHARMA,Sun Pharmaceuticals Industries Ltd,2024-03,Healthcare,Pharmaceuticals,48497,9610,15.094161810671148,17.3,19.815658700538176,0.051423814535002436,58.331932773109244,11372,763,34.0,37.9,6.71,21.41,3.88,13.126755589483485,10.78116321985565,24.536829642931245,43.238258609440905,1.2627471383975026,63.197043901574816,0.8489189373413096,26.84289749881436,0.5684929901064378,0,Steady Performers,"Moderate returns, reasonable growth, and standard leverage profiles."
TATACONSUM,Tata Consumer Products Ltd,2024-03,Consumer Staples,Food & Beverages,15206,1215,7.566793298872766,10.6,7.9902669998684726,0.21654107242947002,25.32183908045977,26,1911,64.0,54.79,7.14,24.84,1.87,9.436125385661253,15.96086282879563,21.59956338772886,-37.04887150623013,1.594238683127572,41.54013910231723,0.007417056977403794,15.020386689464685,0.5454284586965099,0,Steady Performers,"Moderate returns, reasonable growth, and standard leverage profiles."
TATAMOTORS,Tata Motors Ltd,2024-03,Consumer Discretionary,Automobiles,437928,31807,37.45613415294755,20.1,7.263066074788551,1.2631244259167667,6.530242339274985,45133,22782,7.0,67.07,0.93,15.35,3.65,20.579364569370973,7.7201595386239275,0.0,0.0,2.135221806520577,48.437788128373924,3.000651602734764,13.595385542828959,1.1851234435931923,0,Steady Performers,"Moderate returns, reasonable growth, and standard leverage profiles."
TATAPOWER,Tata Power Company Ltd,2024-03,Energy,Power & Utilities,61449,4280,13.227840276919272,11.1,6.965125551270159,1.659321300531586,3.054392402331103,3569,9027,17.0,14.5,3.48,12.02,0.49,23.398271146138306,15.511158201876407,10.431728917459004,-3.666968259247616,2.9429906542056075,38.15608323947656,0.2166615750083587,17.469771680580646,0.4419074604110633,0,Steady Performers,"Moderate returns, reasonable growth, and standard leverage profiles."
TATASTEEL,Tata Steel Ltd,2024-03,Materials,Steel,229171,-4910,-5.334926929972293,7.02,-2.1425049417247384,0.9461835171402184,2.1634256792754396,6048,14253,-101.0,48.97,9.23,38.87,1.0,13.607181258352963,7.766224835881497,0.0,0.0,-4.134623217922607,18.048012885715888,1.6385330523516455,9.70803461170916,0.8509498277091255,0,Steady Performers,"Moderate returns, reasonable growth, and standard leverage profiles."
TCS,Tata Consultancy Services Ltd,2024-03,Information Technology,IT Services,240893,46099,50.944313673485176,64.3,19.136712150207767,0.0886406082507266,87.09511568123393,50429,6091,58.0,78.69,6.08,29.94,1.62,13.632864555506409,10.463614801716602,7.871172131953608,10.770842456987783,0.9617996051975097,70.48196752615159,10.934582772779395,26.690688396923118,1.6559406621205455,0,Steady Performers,"Moderate returns, reasonable growth, and standard leverage profiles."
TECHM,Tech Mahindra Ltd,2024-03,Information Technology,IT Services,51996,2397,8.987963553189097,11.9,4.60996999769213,0.09512917619708275,13.85969387755102,5058,1318,150.0,57.4,7.43,7.85,0.64,11.160091311747644,8.398437919098868,-10.985163688218591,16.78825509724664,2.6599916562369628,41.45522186318943,0.16742270363873682,8.666051234710363,1.2050337203643189,0,Steady Performers,"Moderate returns, reasonable growth, and standard leverage profiles."
TITAN,Titan Company Ltd,2024-03,Consumer Discretionary,Gems & Jewellery,51084,3496,37.2192057915469,22.7,6.843630099444054,1.653145959757266,9.411954765751211,1506,189,28.0,10.13,10.51,21.0,3.1,33.14221885428872,20.897163953120245,20.274576296793036,27.555157291093035,0.4848398169336384,70.07004833413261,0.0839572651499547,10.359408033826638,1.619298190002219,0,Steady Performers,"Moderate returns, reasonable growth, and standard leverage profiles."
TORNTPHARM,Torrent Pharmaceuticals Ltd,2024-03,Healthcare,Pharmaceuticals,10728,1656,24.154025670945156,23.2,15.436241610738255,0.5866394399066511,9.926553672316384,3106,160,57.0,46.4,6.43,27.93,1.22,10.251830698592634,6.932744476678732,30.591457402327848,14.884634499872607,1.9722222222222223,59.63821805772916,0.1660811237632738,31.3944817300522,0.7396070320579111,0,Steady Performers,"Moderate returns, reasonable growth, and standard leverage profiles."
TRENT,Trent Ltd,2024-03,Consumer Discretionary,Retail,12375,1477,36.30776794493609,23.8,11.935353535353535,0.4309242871189774,8.043478260869565,841,508,8.0,8.65,11.82,34.65,3.46,68.36335197744833,36.30691600183056,73.11367578503176,0.0,0.913337846987136,68.52893360190583,0.14720244295143942,15.927272727272726,1.7278693102485339,0,Steady Performers,"Moderate returns, reasonable growth, and standard leverage profiles."
TVSMOTOR,TVS Motor Company Ltd,2024-03,Consumer Discretionary,Two Wheelers,39145,1779,26.223466981132077,0.0,4.544641716694342,3.833431603773585,2.9076763485477177,-2254,1001,23.0,46.1,5.62,7.1,3.07,26.31887127852206,14.192387704277065,19.665122106676503,0.0,-0.7043282743114109,34.115679757773904,-0.8454886074536311,14.050325712096054,0.931491528650295,0,Steady Performers,"Moderate returns, reasonable growth, and standard leverage profiles."
